#SampleID	BarcodeSequence	LinkerPrimerSequence	ReverseBarcode	InputFileName	i5	i7	10%_reads_trimmed	Depth_m	EC_mS_cm	DO_mg_L	Irradiance_%_surface	pH	DIC_mg_L	DRP_µg_L	NH4_ug_L	NO2+NO3-N_µg_L	Layer	Structure	Color	Stake	Size	Description
9.4_D1_1_e1	CTATTAAG		ACTCGCTA	9.4_D1_1_e1.fa	518	716	Y	8.9	2.98	20.4	0.74	7.5	15.5	2	0	1	Bulk	NA	NA	D1	156585436	Bulk_D1
9.4_D1_1_e2	AAGGCTAT		ACTCGCTA	9.4_D1_1_e2.fa	520	716	Y	8.9	2.98	20.4	0.74	7.5	15.5	2	0	1	Bulk	NA	NA	D1	163394616	Bulk_D1
9.4_D1_2_e1	GAGCCTTA		ACTCGCTA	9.4_D1_2_e1.fa	521	716	Y	8.9	2.98	20.4	0.74	7.5	15.5	2	0	1	Bulk	NA	NA	D1	222263385	Bulk_D1
9.4_D1_2_e2	TTATGCGA		ACTCGCTA	9.4_D1_2_e2.fa	522	716	Y	8.9	2.98	20.4	0.74	7.5	15.5	2	0	1	Bulk	NA	NA	D1	374165725	Bulk_D1
9.4_D1_3_e1	TCGACTAG		GGAGCTAC	9.4_D1_3_e1.fa	513	718	N	8.9	2.98	20.4	0.74	7.5	15.5	2	0	1	Bulk	NA	NA	D1	307975460	Bulk_D1
9.4_D1_3_e2	TTCTAGCT		GGAGCTAC	9.4_D1_3_e2.fa	515	718	N	8.9	2.98	20.4	0.74	7.5	15.5	2	0	1	Bulk	NA	NA	D1	371742801	Bulk_D1
9.4_A_3A_e1	TATCCTCT		GCTACGCT	9.4_A_3A_e1.fa	503	709	Y	9	3.04	15.2	0.82	7.47	14.4	2	0	1	Top	Pitted-Pinnacle	Purple	D2	264849577	Top_D2
9.4_A_3A_e2	GCGTAAGA		TCGACGTC	9.4_A_3A_e2.fa	517	729	Y	9	3.04	15.2	0.82	7.47	14.4	2	0	1	Top	Pitted-Pinnacle	Purple	D2	106808130	Top_D2
9.4_A_3B_e1	AGAGTAGA		GCTACGCT	9.4_A_3B_e1.fa	504	709	Y	9	3.04	15.2	0.82	7.47	14.4	2	0	1	Top	Pitted-Pinnacle	Purple	D2	42737	Top_D2
9.4_A_3B_e2	GTAAGGAG		GCTACGCT	9.4_A_3B_e2.fa	505	709	Y	9	3.04	15.2	0.82	7.47	14.4	2	0	1	Top	Pitted-Pinnacle	Purple	D2	434566559	Top_D2
9.4_A_3C_e1	ACTGCATA		GCTACGCT	9.4_A_3C_e1.fa	506	709	Y	9	3.04	15.2	0.82	7.47	14.4	2	0	1	Top	Pitted-Pinnacle	Purple	D2	371269087	Top_D2
9.4_A_3C_e2	AAGGAGTA		GCTACGCT	9.4_A_3C_e2.fa	507	709	Y	9	3.04	15.2	0.82	7.47	14.4	2	0	1	Top	Pitted-Pinnacle	Purple	D2	262129253	Top_D2
9.4_A_3D_e1	CTAAGCCT		GCTACGCT	9.4_A_3D_e1.fa	508	709	Y	9	3.04	15.2	0.82	7.47	14.4	2	0	1	Top	Pitted-Pinnacle	Purple	D2	384767526	Top_D2
9.4_A_3D_e2	CTCTCTAT		CGAGGCTG	9.4_A_3D_e2.fa	502	710	Y	9	3.04	15.2	0.82	7.47	14.4	2	0	1	Top	Pitted-Pinnacle	Purple	D2	205932133	Top_D2
9.4_B_3A	AGAGTAGA		GTAGAGGA	9.4_B_3A.fa	504	712	Y	9	3.04	15.2	0.82	7.47	14.4	2	0	1	Top	Pitted-Pinnacle	Purple	D2	30133	Top_D2
9.4_B_3B	GTAAGGAG		GTAGAGGA	9.4_B_3B.fa	505	712	Y	9	3.04	15.2	0.82	7.47	14.4	2	0	1	Top	Pitted-Pinnacle	Purple	D2	284625539	Top_D2
9.4_B_3C	ACTGCATA		GTAGAGGA	9.4_B_3C.fa	506	712	N	9	3.04	15.2	0.82	7.47	14.4	2	0	1	Top	Pitted-Pinnacle	Purple	D2	156579491	Top_D2
9.4_B_3C_2	AAGGAGTA		GTAGAGGA	9.4_B_3C_2.fa	507	712	N	9	3.04	15.2	0.82	7.47	14.4	2	0	1	Top	Pitted-Pinnacle	Purple	D2	365040173	Top_D2
9.4_B_3C_e1	GCGTAAGA		TGCAGCTA	9.4_B_3C_e1.fa	517	728	Y	9	3.04	15.2	0.82	7.47	14.4	2	0	1	Top	Pitted-Pinnacle	Purple	D2	238603620	Top_D2
9.4_B_3C_e2	CTATTAAG		TGCAGCTA	9.4_B_3C_e2.fa	518	728	Y	9	3.04	15.2	0.82	7.47	14.4	2	0	1	Top	Pitted-Pinnacle	Purple	D2	473419467	Top_D2
9.4_C_3A	TCGACTAG		ATCTCAGG	9.4_C_3A.fa	513	715	Y	9	3.04	15.2	0.82	7.47	14.4	2	0	1	Top	Pitted-Pinnacle	Purple	D2	206214045	Top_D2
9.4_C_3B	TTCTAGCT		ATCTCAGG	9.4_C_3B.fa	515	715	Y	9	3.04	15.2	0.82	7.47	14.4	2	0	1	Top	Pitted-Pinnacle	Purple	D2	435598512	Top_D2
9.4_A_1A_e1	AGAGTAGA		CAGAGAGG	9.4_A_1A_e1.fa	504	708	N	9	3.04	15.2	0.82	7.47	14.4	2	0	1	NA	Knob	NA	D2	315171695	NA_D2
9.4_A_1A_e2	CGTCTAAT		TCGACGTC	9.4_A_1A_e2.fa	510	729	Y	9	3.04	15.2	0.82	7.47	14.4	2	0	1	NA	Knob	NA	D2	57647	NA_D2
9.4_A_1C	GTAAGGAG		CAGAGAGG	9.4_A_1C.fa	505	708	Y	9	3.04	15.2	0.82	7.47	14.4	2	0	1	NA	Knob	NA	D2	301715433	NA_D2
9.4_A_2A_e1	ACTGCATA		CAGAGAGG	9.4_A_2A_e1.fa	506	708	N	9	3.04	15.2	0.82	7.47	14.4	2	0	1	NA	Ridge	NA	D2	259220073	NA_D2
9.4_A_2A_e2	AAGGAGTA		CAGAGAGG	9.4_A_2A_e2.fa	507	708	Y	9	3.04	15.2	0.82	7.47	14.4	2	0	1	NA	Ridge	NA	D2	279278337	NA_D2
9.4_A_2B	CTAAGCCT		CAGAGAGG	9.4_A_2B.fa	508	708	N	9	3.04	15.2	0.82	7.47	14.4	2	0	1	NA	Ridge	NA	D2	2631424801	NA_D2
9.4_A_2C	CTCTCTAT		GCTACGCT	9.4_A_2C.fa	502	709	Y	9	3.04	15.2	0.82	7.47	14.4	2	0	1	NA	Ridge	NA	D2	238768919	NA_D2
9.4_B_1A	CTCTCTAT		GTAGAGGA	9.4_B_1A.fa	502	712	N	9	3.04	15.2	0.82	7.47	14.4	2	0	1	NA	Knob	NA	D2	234580724	NA_D2
9.4_B_1B	TATCCTCT		GTAGAGGA	9.4_B_1B.fa	503	712	Y	9	3.04	15.2	0.82	7.47	14.4	2	0	1	NA	Knob	NA	D2	270303579	NA_D2
9.4_B_1C	GAGCCTTA		TCGACGTC	9.4_B_1C.fa	521	729	N	9	3.04	15.2	0.82	7.47	14.4	2	0	1	NA	Knob	NA	D2	538857300	NA_D2
9.4_A_4A_e1	TATCCTCT		CGAGGCTG	9.4_A_4A_e1.fa	503	710	Y	9	3.04	15.2	NA	7.47	14.4	2	0	1	Middle	Pitted-Pinnacle	Purple	D2	174812616	Middle_D2
9.4_A_4A_e2	CTATTAAG		TCGACGTC	9.4_A_4A_e2.fa	518	729	N	9	3.04	15.2	NA	7.47	14.4	2	0	1	Middle	Pitted-Pinnacle	Purple	D2	578730166	Middle_D2
9.4_A_4B_e1	AGAGTAGA		CGAGGCTG	9.4_A_4B_e1.fa	504	710	Y	9	3.04	15.2	NA	7.47	14.4	2	0	1	Middle	Pitted-Pinnacle	Purple	D2	41494	Middle_D2
9.4_A_4B_e2	GTAAGGAG		CGAGGCTG	9.4_A_4B_e2.fa	505	710	Y	9	3.04	15.2	NA	7.47	14.4	2	0	1	Middle	Pitted-Pinnacle	Purple	D2	368344021	Middle_D2
9.4_A_4C_e1	ACTGCATA		CGAGGCTG	9.4_A_4C_e1.fa	506	710	Y	9	3.04	15.2	NA	7.47	14.4	2	0	1	Middle	Pitted-Pinnacle	Purple	D2	241744437	Middle_D2
9.4_A_4C_e2	AAGGAGTA		CGAGGCTG	9.4_A_4C_e2.fa	507	710	Y	9	3.04	15.2	NA	7.47	14.4	2	0	1	Middle	Pitted-Pinnacle	Purple	D2	191093085	Middle_D2
9.4_A_4D_e1	CTAAGCCT		CGAGGCTG	9.4_A_4D_e1.fa	508	710	Y	9	3.04	15.2	NA	7.47	14.4	2	0	1	Middle	Pitted-Pinnacle	Purple	D2	278375982	Middle_D2
9.4_A_4D_e2	CTCTCTAT		AAGAGGCA	9.4_A_4D_e2.fa	502	711	N	9	3.04	15.2	NA	7.47	14.4	2	0	1	Middle	Pitted-Pinnacle	Purple	D2	268050083	Middle_D2
9.4_B_4A_e1	CTAAGCCT		GTAGAGGA	9.4_B_4A_e1.fa	508	712	Y	9	3.04	15.2	NA	7.47	14.4	2	0	1	Middle	Pitted-Pinnacle	Purple	D2	337404428	Middle_D2
9.4_B_4A_e2	AAGGCTAT		TGCAGCTA	9.4_B_4A_e2.fa	520	728	Y	9	3.04	15.2	NA	7.47	14.4	2	0	1	Middle	Pitted-Pinnacle	Purple	D2	283066504	Middle_D2
9.4_B_4B_e1	TCGACTAG		GCTCATGA	9.4_B_4B_e1.fa	513	714	Y	9	3.04	15.2	NA	7.47	14.4	2	0	1	Middle	Pitted-Pinnacle	Purple	D2	344515845	Middle_D2
9.4_B_4B_e2	TTCTAGCT		GCTCATGA	9.4_B_4B_e2.fa	515	714	Y	9	3.04	15.2	NA	7.47	14.4	2	0	1	Middle	Pitted-Pinnacle	Purple	D2	350083526	Middle_D2
9.4_B_4C_e1	CCTAGAGT		GCTCATGA	9.4_B_4C_e1.fa	516	714	Y	9	3.04	15.2	NA	7.47	14.4	2	0	1	Middle	Pitted-Pinnacle	Purple	D2	314273886	Middle_D2
9.4_B_4C_e2	GAGCCTTA		TGCAGCTA	9.4_B_4C_e2.fa	521	728	N	9	3.04	15.2	NA	7.47	14.4	2	0	1	Middle	Pitted-Pinnacle	Purple	D2	453759409	Middle_D2
9.4_C_4A_e1	CCTAGAGT		ATCTCAGG	9.4_C_4A_e1.fa	516	715	Y	9	3.04	15.2	NA	7.47	14.4	2	0	1	Middle	Pitted-Pinnacle	Purple	D2	440706876	Middle_D2
9.4_C_4A_e2	GCGTAAGA		ATCTCAGG	9.4_C_4A_e2.fa	517	715	Y	9	3.04	15.2	NA	7.47	14.4	2	0	1	Middle	Pitted-Pinnacle	Purple	D2	492011173	Middle_D2
9.4_C_4B_e1	CTATTAAG		ATCTCAGG	9.4_C_4B_e1.fa	518	715	Y	9	3.04	15.2	NA	7.47	14.4	2	0	1	Middle	Pitted-Pinnacle	Purple	D2	307048428	Middle_D2
9.4_C_4B_e2	AAGGCTAT		ATCTCAGG	9.4_C_4B_e2.fa	520	715	Y	9	3.04	15.2	NA	7.47	14.4	2	0	1	Middle	Pitted-Pinnacle	Purple	D2	396423480	Middle_D2
9.4_C_4C_e1	GAGCCTTA		ATCTCAGG	9.4_C_4C_e1.fa	521	715	Y	9	3.04	15.2	NA	7.47	14.4	2	0	1	Middle	Pitted-Pinnacle	Purple	D2	338013797	Middle_D2
9.4_C_4C_e2	TTATGCGA		ATCTCAGG	9.4_C_4C_e2.fa	522	715	Y	9	3.04	15.2	NA	7.47	14.4	2	0	1	Middle	Pitted-Pinnacle	Purple	D2	218631039	Middle_D2
10.9_D2_1_e1	TATCCTCT		CTCTCTAC	10.9_D2_1_e1.fa	503	707	N	9	3.04	15.2	0.82	7.47	14.4	2	0	1	Bulk	NA	NA	D2	352076548	Bulk_D2
10.9_D2_1_e2	CTAAGCCT		TCGACGTC	10.9_D2_1_e2.fa	508	729	N	9	3.04	15.2	0.82	7.47	14.4	2	0	1	Bulk	NA	NA	D2	613494647	Bulk_D2
10.9_D2_2	AGAGTAGA		CTCTCTAC	10.9_D2_2.fa	504	707	Y	9	3.04	15.2	0.82	7.47	14.4	2	0	1	Bulk	NA	NA	D2	26537	Bulk_D2
10.9_D2_3	GTAAGGAG		CTCTCTAC	10.9_D2_3.fa	505	707	N	9	3.04	15.2	0.82	7.47	14.4	2	0	1	Bulk	NA	NA	D2	385558443	Bulk_D2
9.4_D23	CCTAGAGT		CGATCAGT	9.4_D23.fa	516	727	Y	9	3.04	15.2	0.82	7.47	14.4	2	0	1	Bulk	NA	NA	D2	333399522	Bulk_D2
D22	TTCTAGCT		CGATCAGT	D22.fa	515	727	Y	9	3.04	15.2	0.82	7.47	14.4	2	0	1	Bulk	NA	NA	D2	295578017	Bulk_D2
9.4_A_5A_e1	TATCCTCT		AAGAGGCA	9.4_A_5A_e1.fa	503	711	N	9	3.04	15.2	0	7.47	14.4	2	0	1	Bottom	Pitted-Pinnacle	Beige	D2	500226432	Bottom_D2
9.4_A_5A_e2	AAGGCTAT		TCGACGTC	9.4_A_5A_e2.fa	520	729	N	9	3.04	15.2	0	7.47	14.4	2	0	1	Bottom	Pitted-Pinnacle	Beige	D2	470476335	Bottom_D2
9.4_A_5B	AGAGTAGA		AAGAGGCA	9.4_A_5B.fa	504	711	Y	9	3.04	15.2	0	7.47	14.4	2	0	1	Bottom	Pitted-Pinnacle	Beige	D2	36468	Bottom_D2
9.4_A_5C_e1	GTAAGGAG		AAGAGGCA	9.4_A_5C_e1.fa	505	711	N	9	3.04	15.2	0	7.47	14.4	2	0	1	Bottom	Pitted-Pinnacle	Beige	D2	358316199	Bottom_D2
9.4_A_5C_e2	ACTGCATA		AAGAGGCA	9.4_A_5C_e2.fa	506	711	N	9	3.04	15.2	0	7.47	14.4	2	0	1	Bottom	Pitted-Pinnacle	Beige	D2	263733443	Bottom_D2
9.4_A_5D_e1	AAGGAGTA		AAGAGGCA	9.4_A_5D_e1.fa	507	711	N	9	3.04	15.2	0	7.47	14.4	2	0	1	Bottom	Pitted-Pinnacle	Beige	D2	458186654	Bottom_D2
9.4_A_5D_e2	CTAAGCCT		AAGAGGCA	9.4_A_5D_e2.fa	508	711	N	9	3.04	15.2	0	7.47	14.4	2	0	1	Bottom	Pitted-Pinnacle	Beige	D2	364525783	Bottom_D2
9.4_B_5A_e1	GCGTAAGA		GCTCATGA	9.4_B_5A_e1.fa	517	714	Y	9	3.04	15.2	0	7.47	14.4	2	0	1	Bottom	Pitted-Pinnacle	Beige	D2	254208727	Bottom_D2
9.4_B_5A_e2	TTATGCGA		TGCAGCTA	9.4_B_5A_e2.fa	522	728	N	9	3.04	15.2	0	7.47	14.4	2	0	1	Bottom	Pitted-Pinnacle	Beige	D2	516115129	Bottom_D2
9.4_B_5B_e1	CTATTAAG		GCTCATGA	9.4_B_5B_e1.fa	518	714	N	9	3.04	15.2	0	7.47	14.4	2	0	1	Bottom	Pitted-Pinnacle	Beige	D2	292088498	Bottom_D2
9.4_B_5B_e2	AAGGCTAT		GCTCATGA	9.4_B_5B_e2.fa	520	714	Y	9	3.04	15.2	0	7.47	14.4	2	0	1	Bottom	Pitted-Pinnacle	Beige	D2	238715007	Bottom_D2
9.4_B_5C_e1	GAGCCTTA		GCTCATGA	9.4_B_5C_e1.fa	521	714	Y	9	3.04	15.2	0	7.47	14.4	2	0	1	Bottom	Pitted-Pinnacle	Beige	D2	338686646	Bottom_D2
9.4_B_5C_e2	TTATGCGA		TCGACGTC	9.4_B_5C_e2.fa	522	729	Y	9	3.04	15.2	0	7.47	14.4	2	0	1	Bottom	Pitted-Pinnacle	Beige	D2	352768619	Bottom_D2
9.4_C_5A	TCGACTAG		ACTCGCTA	9.4_C_5A.fa	513	716	N	9	3.04	15.2	0	7.47	14.4	2	0	1	Bottom	Pitted-Pinnacle	Beige	D2	411790997	Bottom_D2
9.4_C_5B_e1	TTCTAGCT		ACTCGCTA	9.4_C_5B_e1.fa	515	716	Y	9	3.04	15.2	0	7.47	14.4	2	0	1	Bottom	Pitted-Pinnacle	Beige	D2	355652116	Bottom_D2
9.4_C_5B_e2	CCTAGAGT		ACTCGCTA	9.4_C_5B_e2.fa	516	716	Y	9	3.04	15.2	0	7.47	14.4	2	0	1	Bottom	Pitted-Pinnacle	Beige	D2	328458049	Bottom_D2
9.4_C_5C	GCGTAAGA		ACTCGCTA	9.4_C_5C.fa	517	716	Y	9	3.04	15.2	0	7.47	14.4	2	0	1	Bottom	Pitted-Pinnacle	Beige	D2	386243622	Bottom_D2
9.7_D3_1	TTATGCGA		GGAGCTAC	9.7_D3_1.fa	522	718	N	9.3	3.15	7.4	0.44	7.46	16.1	1	0	1	Bulk	NA	NA	D3	321725876	Bulk_D3
9.7_D3_2_e1	TCGACTAG		GCGTAGTA	9.7_D3_2_e1.fa	513	719	Y	9.3	3.15	7.4	0.44	7.46	16.1	1	0	1	Bulk	NA	NA	D3	362906050	Bulk_D3
9.7_D3_2_e2	TTCTAGCT		GCGTAGTA	9.7_D3_2_e2.fa	515	719	N	9.3	3.15	7.4	0.44	7.46	16.1	1	0	1	Bulk	NA	NA	D3	384090456	Bulk_D3
9.7_D3_3_e1	CCTAGAGT		GCGTAGTA	9.7_D3_3_e1.fa	516	719	Y	9.3	3.15	7.4	0.44	7.46	16.1	1	0	1	Bulk	NA	NA	D3	258288585	Bulk_D3
9.7_D3_3_e2	GCGTAAGA		GCGTAGTA	9.7_D3_3_e2.fa	517	719	Y	9.3	3.15	7.4	0.44	7.46	16.1	1	0	1	Bulk	NA	NA	D3	197283666	Bulk_D3
9.7_D31	TCGACTAG		CGATCAGT	9.7_D31.fa	513	727	N	9.3	3.15	7.4	0.44	7.46	16.1	1	0	1	Bulk	NA	NA	D3	261439994	Bulk_D3
HC_A_1A	TTATGCGA		CGGAGCCT	HC_A_1A.fa	522	720	Y	9.35	3.15	7.4	0.44	7.46	16.1	1	NA	NA	Top	Ridge-Pit	Purple	D3.5	338667658	Top_D3.5
HC_A_2A_e1	GCGTAAGA		TACGCTGC	HC_A_2A_e1.fa	517	721	Y	9.35	3.15	7.4	0.44	7.46	16.1	1	NA	NA	Top	Ridge-Pit	Purple	D3.5	320087849	Top_D3.5
HC_A_2A_e2	CTATTAAG		TACGCTGC	HC_A_2A_e2.fa	518	721	Y	9.35	3.15	7.4	0.44	7.46	16.1	1	NA	NA	Top	Ridge-Pit	Purple	D3.5	411897866	Top_D3.5
HC_A_3A	TCGACTAG		ATGCGCAG	HC_A_3A.fa	513	722	Y	9.35	3.15	7.4	0.44	7.46	16.1	1	NA	NA	Top	Ridge-Pit	Purple	D3.5	380338809	Top_D3.5
HC_A_4A	CTATTAAG		ATGCGCAG	HC_A_4A.fa	518	722	Y	9.35	3.15	7.4	0.44	7.46	16.1	1	NA	NA	Top	Ridge-Pit	Purple	D3.5	342610080	Top_D3.5
HC_A_5A_e1	TTCTAGCT		TAGCGCTC	HC_A_5A_e1.fa	515	723	Y	9.35	3.15	7.4	0.44	7.46	16.1	1	NA	NA	Top	Ridge-Pit	Purple	D3.5	353421624	Top_D3.5
HC_A_5A_e2	CCTAGAGT		TAGCGCTC	HC_A_5A_e2.fa	516	723	Y	9.35	3.15	7.4	0.44	7.46	16.1	1	NA	NA	Top	Ridge-Pit	Purple	D3.5	329567401	Top_D3.5
HC_A_6A_e1	GAGCCTTA		TAGCGCTC	HC_A_6A_e1.fa	521	723	Y	9.35	3.15	7.4	0.44	7.46	16.1	1	NA	NA	Top	Ridge-Pit	Purple	D3.5	258830937	Top_D3.5
HC_A_6A_e2	TTATGCGA		TAGCGCTC	HC_A_6A_e2.fa	522	723	Y	9.35	3.15	7.4	0.44	7.46	16.1	1	NA	NA	Top	Ridge-Pit	Purple	D3.5	570059531	Top_D3.5
HC_B_1A_e1	CTATTAAG		ACTGAGCG	HC_B_1A_e1.fa	518	724	Y	9.35	3.15	7.4	0.44	7.46	16.1	1	NA	NA	Top	Ridge-Pit	Purple	D3.5	438166760	Top_D3.5
HC_B_1A_e2	GCGTAAGA		ACTGAGCG	HC_B_1A_e2.fa	517	724	Y	9.35	3.15	7.4	0.44	7.46	16.1	1	NA	NA	Top	Ridge-Pit	Purple	D3.5	368815248	Top_D3.5
HC_B_2A_e1	TTATGCGA		ACTGAGCG	HC_B_2A_e1.fa	522	724	Y	9.35	3.15	7.4	0.44	7.46	16.1	1	NA	NA	Top	Ridge-Pit	Purple	D3.5	289889472	Top_D3.5
HC_B_2A_e2	TCGACTAG		CCTAAGAC	HC_B_2A_e2.fa	513	726	Y	9.35	3.15	7.4	0.44	7.46	16.1	1	NA	NA	Top	Ridge-Pit	Purple	D3.5	230278461	Top_D3.5
HC_B_3A_e1	CTATTAAG		CCTAAGAC	HC_B_3A_e1.fa	518	726	Y	9.35	3.15	7.4	0.44	7.46	16.1	1	NA	NA	Top	Ridge-Pit	Purple	D3.5	240091	Top_D3.5
HC_B_3A_e2	TCGACTAG		TGCAGCTA	HC_B_3A_e2.fa	513	728	N	9.35	3.15	7.4	0.44	7.46	16.1	1	NA	NA	Top	Ridge-Pit	Purple	D3.5	277443876	Top_D3.5
HC_A_1B_e1	TCGACTAG		TACGCTGC	HC_A_1B_e1.fa	513	721	Y	9.35	3.15	7.4	NA	7.46	16.1	1	NA	NA	Middle	Ridge-Pit	Green	D3.5	374069455	Middle_D3.5
HC_A_1B_e2	TTCTAGCT		TACGCTGC	HC_A_1B_e2.fa	515	721	N	9.35	3.15	7.4	NA	7.46	16.1	1	NA	NA	Middle	Ridge-Pit	Green	D3.5	332639191	Middle_D3.5
HC_A_2B_e1	AAGGCTAT		TACGCTGC	HC_A_2B_e1.fa	520	721	N	9.35	3.15	7.4	NA	7.46	16.1	1	NA	NA	Middle	Ridge-Pit	Green	D3.5	453799836	Middle_D3.5
HC_A_2B_e2	AAGGCTAT		CGATCAGT	HC_A_2B_e2.fa	520	727	Y	9.35	3.15	7.4	NA	7.46	16.1	1	NA	NA	Middle	Ridge-Pit	Green	D3.5	316037101	Middle_D3.5
HC_A_3B	TTCTAGCT		ATGCGCAG	HC_A_3B.fa	515	722	Y	9.35	3.15	7.4	NA	7.46	16.1	1	NA	NA	Middle	Ridge-Pit	Green	D3.5	343098046	Middle_D3.5
HC_A_4B_e1	AAGGCTAT		ATGCGCAG	HC_A_4B_e1.fa	520	722	N	9.35	3.15	7.4	NA	7.46	16.1	1	NA	NA	Middle	Ridge-Pit	Green	D3.5	513396218	Middle_D3.5
HC_A_4B_e2	GAGCCTTA		ATGCGCAG	HC_A_4B_e2.fa	521	722	N	9.35	3.15	7.4	NA	7.46	16.1	1	NA	NA	Middle	Ridge-Pit	Green	D3.5	440082659	Middle_D3.5
HC_A_5B_e1	GCGTAAGA		TAGCGCTC	HC_A_5B_e1.fa	517	723	N	9.35	3.15	7.4	NA	7.46	16.1	1	NA	NA	Middle	Ridge-Pit	Green	D3.5	364092812	Middle_D3.5
HC_A_5B_e2	CTATTAAG		TAGCGCTC	HC_A_5B_e2.fa	518	723	N	9.35	3.15	7.4	NA	7.46	16.1	1	NA	NA	Middle	Ridge-Pit	Green	D3.5	329396809	Middle_D3.5
HC_A_6B	TCGACTAG		ACTGAGCG	HC_A_6B.fa	513	724	Y	9.35	3.15	7.4	NA	7.46	16.1	1	NA	NA	Middle	Ridge-Pit	Green	D3.5	462310276	Middle_D3.5
HC_B_1B	AAGGCTAT		ACTGAGCG	HC_B_1B.fa	520	724	Y	9.35	3.15	7.4	NA	7.46	16.1	1	NA	NA	Middle	Ridge-Pit	Green	D3.5	218918550	Middle_D3.5
HC_B_2B_e1	TTCTAGCT		CCTAAGAC	HC_B_2B_e1.fa	515	726	Y	9.35	3.15	7.4	NA	7.46	16.1	1	NA	NA	Middle	Ridge-Pit	Green	D3.5	527408544	Middle_D3.5
HC_B_2B_e2	CCTAGAGT		CCTAAGAC	HC_B_2B_e2.fa	516	726	N	9.35	3.15	7.4	NA	7.46	16.1	1	NA	NA	Middle	Ridge-Pit	Green	D3.5	369507775	Middle_D3.5
HC_B_3B_e1	AAGGCTAT		CCTAAGAC	HC_B_3B_e1.fa	520	726	Y	9.35	3.15	7.4	NA	7.46	16.1	1	NA	NA	Middle	Ridge-Pit	Green	D3.5	257566	Middle_D3.5
HC_B_3B_e2	GAGCCTTA		CCTAAGAC	HC_B_3B_e2.fa	521	726	Y	9.35	3.15	7.4	NA	7.46	16.1	1	NA	NA	Middle	Ridge-Pit	Green	D3.5	380820264	Middle_D3.5
HC_A_1C_e1	CCTAGAGT		TACGCTGC	HC_A_1C_e1.fa	516	721	Y	9.35	3.15	7.4	NA	7.46	16.1	1	NA	NA	Bottom	Ridge-Pit	Beige_Black	D3.5	406310712	Bottom_D3.5
HC_A_1C_e2	CTATTAAG		CGATCAGT	HC_A_1C_e2.fa	518	727	N	9.35	3.15	7.4	NA	7.46	16.1	1	NA	NA	Bottom	Ridge-Pit	Beige_Black	D3.5	290998113	Bottom_D3.5
HC_A_2C_e1	GAGCCTTA		TACGCTGC	HC_A_2C_e1.fa	521	721	Y	9.35	3.15	7.4	NA	7.46	16.1	1	NA	NA	Bottom	Ridge-Pit	Beige_Black	D3.5	381124446	Bottom_D3.5
HC_A_2C_e2	TTATGCGA		TACGCTGC	HC_A_2C_e2.fa	522	721	Y	9.35	3.15	7.4	NA	7.46	16.1	1	NA	NA	Bottom	Ridge-Pit	Beige_Black	D3.5	334423159	Bottom_D3.5
HC_A_3C_e1	CCTAGAGT		ATGCGCAG	HC_A_3C_e1.fa	516	722	N	9.35	3.15	7.4	NA	7.46	16.1	1	NA	NA	Bottom	Ridge-Pit	Beige_Black	D3.5	465352048	Bottom_D3.5
HC_A_3C_e2	GCGTAAGA		ATGCGCAG	HC_A_3C_e2.fa	517	722	N	9.35	3.15	7.4	NA	7.46	16.1	1	NA	NA	Bottom	Ridge-Pit	Beige_Black	D3.5	415925196	Bottom_D3.5
HC_A_4C_e1	TTATGCGA		ATGCGCAG	HC_A_4C_e1.fa	522	722	N	9.35	3.15	7.4	NA	7.46	16.1	1	NA	NA	Bottom	Ridge-Pit	Beige_Black	D3.5	445114776	Bottom_D3.5
HC_A_4C_e2	TCGACTAG		TAGCGCTC	HC_A_4C_e2.fa	513	723	N	9.35	3.15	7.4	NA	7.46	16.1	1	NA	NA	Bottom	Ridge-Pit	Beige_Black	D3.5	550994923	Bottom_D3.5
HC_A_5C_e1	AAGGCTAT		TAGCGCTC	HC_A_5C_e1.fa	520	723	N	9.35	3.15	7.4	NA	7.46	16.1	1	NA	NA	Bottom	Ridge-Pit	Beige_Black	D3.5	440686120	Bottom_D3.5
HC_A_5C_e2	GAGCCTTA		CGATCAGT	HC_A_5C_e2.fa	521	727	Y	9.35	3.15	7.4	NA	7.46	16.1	1	NA	NA	Bottom	Ridge-Pit	Beige_Black	D3.5	381829138	Bottom_D3.5
HC_A_6C_e1	TTCTAGCT		ACTGAGCG	HC_A_6C_e1.fa	515	724	Y	9.35	3.15	7.4	NA	7.46	16.1	1	NA	NA	Bottom	Ridge-Pit	Beige_Black	D3.5	381422800	Bottom_D3.5
HC_A_6C_e2	CCTAGAGT		ACTGAGCG	HC_A_6C_e2.fa	516	724	N	9.35	3.15	7.4	NA	7.46	16.1	1	NA	NA	Bottom	Ridge-Pit	Beige_Black	D3.5	326906698	Bottom_D3.5
HC_B_1C	GAGCCTTA		ACTGAGCG	HC_B_1C.fa	521	724	N	9.35	3.15	7.4	NA	7.46	16.1	1	NA	NA	Bottom	Ridge-Pit	Beige_Black	D3.5	393000227	Bottom_D3.5
HC_B_2C_e1	GCGTAAGA		CCTAAGAC	HC_B_2C_e1.fa	517	726	Y	9.35	3.15	7.4	NA	7.46	16.1	1	NA	NA	Bottom	Ridge-Pit	Beige_Black	D3.5	359589741	Bottom_D3.5
HC_B_2C_e2	TTATGCGA		CGATCAGT	HC_B_2C_e2.fa	522	727	Y	9.35	3.15	7.4	NA	7.46	16.1	1	NA	NA	Bottom	Ridge-Pit	Beige_Black	D3.5	379029413	Bottom_D3.5
HC_B_3C_e1	TTATGCGA		CCTAAGAC	HC_B_3C_e1.fa	522	726	Y	9.35	3.15	7.4	NA	7.46	16.1	1	NA	NA	Bottom	Ridge-Pit	Beige_Black	D3.5	339423194	Bottom_D3.5
HC_B_3C_e2	TTCTAGCT		TGCAGCTA	HC_B_3C_e2.fa	515	728	N	9.35	3.15	7.4	NA	7.46	16.1	1	NA	NA	Bottom	Ridge-Pit	Beige_Black	D3.5	264962765	Bottom_D3.5
9.9_D4_1_e1	CTATTAAG		GCGTAGTA	9.9_D4_1_e1.fa	518	719	Y	9.4	3.33	4.5	0.36	7.44	18	2	0	1	Bulk	NA	NA	D4	293083679	Bulk_D4
9.9_D4_1_e2	AAGGCTAT		GCGTAGTA	9.9_D4_1_e2.fa	520	719	Y	9.4	3.33	4.5	0.36	7.44	18	2	0	1	Bulk	NA	NA	D4	273903189	Bulk_D4
9.9_D4_2_e1	GAGCCTTA		GCGTAGTA	9.9_D4_2_e1.fa	521	719	Y	9.4	3.33	4.5	0.36	7.44	18	2	0	1	Bulk	NA	NA	D4	475355395	Bulk_D4
9.9_D4_2_e2	TTATGCGA		GCGTAGTA	9.9_D4_2_e2.fa	522	719	Y	9.4	3.33	4.5	0.36	7.44	18	2	0	1	Bulk	NA	NA	D4	217385191	Bulk_D4
9.9_D4_3_e1	TCGACTAG		CGGAGCCT	9.9_D4_3_e1.fa	513	720	Y	9.4	3.33	4.5	0.36	7.44	18	2	0	1	Bulk	NA	NA	D4	275539641	Bulk_D4
9.9_D4_3_e2	TTCTAGCT		CGGAGCCT	9.9_D4_3_e2.fa	515	720	Y	9.4	3.33	4.5	0.36	7.44	18	2	0	1	Bulk	NA	NA	D4	260232456	Bulk_D4
9.6_D5_1	CCTAGAGT		GGAGCTAC	9.6_D5_1.fa	516	718	N	9.7	3.54	0.2	0.26	7.48	20.2	3	8	1	Bulk	NA	NA	D5	341334933	Bulk_D5
9.6_D5_2_e1	CTATTAAG		GGAGCTAC	9.6_D5_2_e1.fa	518	718	N	9.7	3.54	0.2	0.26	7.48	20.2	3	8	1	Bulk	NA	NA	D5	339422522	Bulk_D5
9.6_D5_2_e2	GCGTAAGA		GGAGCTAC	9.6_D5_2_e2.fa	517	718	N	9.7	3.54	0.2	0.26	7.48	20.2	3	8	1	Bulk	NA	NA	D5	430283245	Bulk_D5
9.6_D5_3_e1	AAGGCTAT		GGAGCTAC	9.6_D5_3_e1.fa	520	718	N	9.7	3.54	0.2	0.26	7.48	20.2	3	8	1	Bulk	NA	NA	D5	545395706	Bulk_D5
9.6_D5_3_e2	GAGCCTTA		GGAGCTAC	9.6_D5_3_e2.fa	521	718	N	9.7	3.54	0.2	0.26	7.48	20.2	3	8	1	Bulk	NA	NA	D5	304024138	Bulk_D5
10.4_A_1_A_e1	ACTGCATA		TAAGGCGA	10.4_A_1_A_e1.fa	506	701	Y	9.8	3.575	0.1	NA	7.48	20.55	3	10.5	1	Top	Prostrate	Green_Purple	D5.5	293036286	Top_D5.5
10.4_A_1_A_e2	AAGGAGTA		TAAGGCGA	10.4_A_1_A_e2.fa	507	701	Y	9.8	3.575	0.1	NA	7.48	20.55	3	10.5	1	Top	Prostrate	Green_Purple	D5.5	201446085	Top_D5.5
10.4_A_2_A	TATCCTCT		CGTACTAG	10.4_A_2_A.fa	503	702	Y	9.8	3.575	0.1	NA	7.48	20.55	3	10.5	1	Top	Prostrate	Green_Purple	D5.5	931718590	Top_D5.5
10.4_A_3_A	ACTGCATA		CGTACTAG	10.4_A_3_A.fa	506	702	N	9.8	3.575	0.1	NA	7.48	20.55	3	10.5	1	Top	Prostrate	Green_Purple	D5.5	744893695	Top_D5.5
10.4_B_1_A_e1	AGAGTAGA		TCGACGTC	10.4_B_1_A_e1.fa	504	729	N	9.8	3.575	0.1	NA	7.48	20.55	3	10.5	1	Top	Prostrate	Green_Purple	D5.5	582686831	Top_D5.5
10.4_B_1_A_e2	CCTAGAGT		TCGACGTC	10.4_B_1_A_e2.fa	516	729	N	9.8	3.575	0.1	NA	7.48	20.55	3	10.5	1	Top	Prostrate	Green_Purple	D5.5	253714198	Top_D5.5
10.4_B_2_A_e1	ACTGCATA		AGGCAGAA	10.4_B_2_A_e1.fa	506	703	Y	9.8	3.575	0.1	NA	7.48	20.55	3	10.5	1	Top	Prostrate	Green_Purple	D5.5	331008219	Top_D5.5
10.4_B_2_A_e2	AAGGAGTA		AGGCAGAA	10.4_B_2_A_e2.fa	507	703	Y	9.8	3.575	0.1	NA	7.48	20.55	3	10.5	1	Top	Prostrate	Green_Purple	D5.5	241695737	Top_D5.5
10.4_B_3_A	GTAAGGAG		TCGACGTC	10.4_B_3_A.fa	505	729	N	9.8	3.575	0.1	NA	7.48	20.55	3	10.5	1	Top	Prostrate	Green_Purple	D5.5	389114019	Top_D5.5
10.4_C_1_A_e1	CTAAGCCT		TCCTGAGC	10.4_C_1_A_e1.fa	508	704	Y	9.8	3.575	0.1	NA	7.48	20.55	3	10.5	1	Top	Prostrate	Green_Purple	D5.5	418122886	Top_D5.5
10.4_C_1_A_e2	CTCTCTAT		GGACTCCT	10.4_C_1_A_e2.fa	502	705	Y	9.8	3.575	0.1	NA	7.48	20.55	3	10.5	1	Top	Prostrate	Green_Purple	D5.5	325845178	Top_D5.5
10.4_C_2_A	GTAAGGAG		GGACTCCT	10.4_C_2_A.fa	505	705	N	9.8	3.575	0.1	NA	7.48	20.55	3	10.5	1	Top	Prostrate	Green_Purple	D5.5	454452369	Top_D5.5
10.4_C_3_A	CTCTCTAT		TAGGCATG	10.4_C_3_A.fa	502	706	Y	9.8	3.575	0.1	NA	7.48	20.55	3	10.5	1	Top	Prostrate	Green_Purple	D5.5	335689935	Top_D5.5
10.4_A_1_B_e1	CTAAGCCT		TAAGGCGA	10.4_A_1_B_e1.fa	508	701	Y	9.8	3.575	0.1	NA	7.48	20.55	3	10.5	1	Middle	Prostrate	Green_Grey	D5.5	245781416	Middle_D5.5
10.4_A_1_B_e2	TCGACTAG		TCGACGTC	10.4_A_1_B_e2.fa	513	729	Y	9.8	3.575	0.1	NA	7.48	20.55	3	10.5	1	Middle	Prostrate	Green_Grey	D5.5	329040832	Middle_D5.5
10.4_A_2_B_e1	AGAGTAGA		CGTACTAG	10.4_A_2_B_e1.fa	504	702	N	9.8	3.575	0.1	NA	7.48	20.55	3	10.5	1	Middle	Prostrate	Green_Grey	D5.5	413674171	Middle_D5.5
10.4_A_2_B_e2	TATCCTCT		TCGACGTC	10.4_A_2_B_e2.fa	503	729	Y	9.8	3.575	0.1	NA	7.48	20.55	3	10.5	1	Middle	Prostrate	Green_Grey	D5.5	46283	Middle_D5.5
10.4_A_3_B	AAGGAGTA		CGTACTAG	10.4_A_3_B.fa	507	702	Y	9.8	3.575	0.1	NA	7.48	20.55	3	10.5	1	Middle	Prostrate	Green_Grey	D5.5	221856878	Middle_D5.5
10.4_B_1_B	AGAGTAGA		AGGCAGAA	10.4_B_1_B.fa	504	703	Y	9.8	3.575	0.1	NA	7.48	20.55	3	10.5	1	Middle	Prostrate	Green_Grey	D5.5	28756	Middle_D5.5
10.4_B_2_B_e1	CTAAGCCT		AGGCAGAA	10.4_B_2_B_e1.fa	508	703	Y	9.8	3.575	0.1	NA	7.48	20.55	3	10.5	1	Middle	Prostrate	Green_Grey	D5.5	255318676	Middle_D5.5
10.4_B_2_B_e2	CTCTCTAT		TCCTGAGC	10.4_B_2_B_e2.fa	502	704	Y	9.8	3.575	0.1	NA	7.48	20.55	3	10.5	1	Middle	Prostrate	Green_Grey	D5.5	280620278	Middle_D5.5
10.4_B_3_B	AGAGTAGA		TCCTGAGC	10.4_B_3_B.fa	504	704	Y	9.8	3.575	0.1	NA	7.48	20.55	3	10.5	1	Middle	Prostrate	Green_Grey	D5.5	48756	Middle_D5.5
10.4_C_1_B	TATCCTCT		GGACTCCT	10.4_C_1_B.fa	503	705	Y	9.8	3.575	0.1	NA	7.48	20.55	3	10.5	1	Middle	Prostrate	Green_Grey	D5.5	279066256	Middle_D5.5
10.4_C_2_B_e1	ACTGCATA		GGACTCCT	10.4_C_2_B_e1.fa	506	705	Y	9.8	3.575	0.1	NA	7.48	20.55	3	10.5	1	Middle	Prostrate	Green_Grey	D5.5	320094238	Middle_D5.5
10.4_C_2_B_e2	AAGGAGTA		GGACTCCT	10.4_C_2_B_e2.fa	507	705	Y	9.8	3.575	0.1	NA	7.48	20.55	3	10.5	1	Middle	Prostrate	Green_Grey	D5.5	358573686	Middle_D5.5
10.4_C_3_B_e1	TATCCTCT		TAGGCATG	10.4_C_3_B_e1.fa	503	706	Y	9.8	3.575	0.1	NA	7.48	20.55	3	10.5	1	Middle	Prostrate	Green_Grey	D5.5	330811740	Middle_D5.5
10.4_C_3_B_e2	AAGGAGTA		TCGACGTC	10.4_C_3_B_e2.fa	507	729	N	9.8	3.575	0.1	NA	7.48	20.55	3	10.5	1	Middle	Prostrate	Green_Grey	D5.5	443086524	Middle_D5.5
10.4_A_4_e1	TATCCTCT		AGGCAGAA	10.4_A_4_e1.fa	503	703	Y	9.8	3.575	0.1	0.265	7.48	20.55	3	10.5	1	Film	Prostrate	Green	D5.5	345127038	Film_D5.5
10.4_A_4_e2	TTCTAGCT		TCGACGTC	10.4_A_4_e2.fa	515	729	Y	9.8	3.575	0.1	0.265	7.48	20.55	3	10.5	1	Film	Prostrate	Green	D5.5	236045933	Film_D5.5
10.4_B_4_e1	ACTGCATA		TCCTGAGC	10.4_B_4_e1.fa	506	704	N	9.8	3.575	0.1	0.265	7.48	20.55	3	10.5	1	Film	Prostrate	Green	D5.5	330385850	Film_D5.5
10.4_B_4_e2	AAGGAGTA		TCCTGAGC	10.4_B_4_e2.fa	507	704	Y	9.8	3.575	0.1	0.265	7.48	20.55	3	10.5	1	Film	Prostrate	Green	D5.5	335385192	Film_D5.5
10.4_C_4	GTAAGGAG		TAGGCATG	10.4_C_4.fa	505	706	Y	9.8	3.575	0.1	0.265	7.48	20.55	3	10.5	1	Film	Prostrate	Green	D5.5	845413310	Film_D5.5
10.4_A_1_C	CTCTCTAT		CGTACTAG	10.4_A_1_C.fa	502	702	Y	9.8	3.575	0.1	0	7.48	20.55	3	10.5	1	Bottom	Prostrate	Beige	D5.5	282732052	Bottom_D5.5
10.4_A_2_C	GTAAGGAG		CGTACTAG	10.4_A_2_C.fa	505	702	Y	9.8	3.575	0.1	0	7.48	20.55	3	10.5	1	Bottom	Prostrate	Beige	D5.5	356279807	Bottom_D5.5
10.4_A_3_C_e1	CTAAGCCT		CGTACTAG	10.4_A_3_C_e1.fa	508	702	N	9.8	3.575	0.1	0	7.48	20.55	3	10.5	1	Bottom	Prostrate	Beige	D5.5	230157606	Bottom_D5.5
10.4_A_3_C_e2	CTCTCTAT		AGGCAGAA	10.4_A_3_C_e2.fa	502	703	Y	9.8	3.575	0.1	0	7.48	20.55	3	10.5	1	Bottom	Prostrate	Beige	D5.5	176815609	Bottom_D5.5
10.4_B_1_C	GTAAGGAG		AGGCAGAA	10.4_B_1_C.fa	505	703	Y	9.8	3.575	0.1	0	7.48	20.55	3	10.5	1	Bottom	Prostrate	Beige	D5.5	272279099	Bottom_D5.5
10.4_B_2_C	TATCCTCT		TCCTGAGC	10.4_B_2_C.fa	503	704	Y	9.8	3.575	0.1	0	7.48	20.55	3	10.5	1	Bottom	Prostrate	Beige	D5.5	303599618	Bottom_D5.5
10.4_B_3_C	GTAAGGAG		TCCTGAGC	10.4_B_3_C.fa	505	704	Y	9.8	3.575	0.1	0	7.48	20.55	3	10.5	1	Bottom	Prostrate	Beige	D5.5	369701386	Bottom_D5.5
10.4_C_1_C_e1	AGAGTAGA		GGACTCCT	10.4_C_1_C_e1.fa	504	705	N	9.8	3.575	0.1	0	7.48	20.55	3	10.5	1	Bottom	Prostrate	Beige	D5.5	539993327	Bottom_D5.5
10.4_C_1_C_e2	ACTGCATA		TCGACGTC	10.4_C_1_C_e2.fa	506	729	Y	9.8	3.575	0.1	0	7.48	20.55	3	10.5	1	Bottom	Prostrate	Beige	D5.5	32485	Bottom_D5.5
10.4_C_2_C	CTAAGCCT		GGACTCCT	10.4_C_2_C.fa	508	705	Y	9.8	3.575	0.1	0	7.48	20.55	3	10.5	1	Bottom	Prostrate	Beige	D5.5	299517346	Bottom_D5.5
10.4_C_3_C	AGAGTAGA		TAGGCATG	10.4_C_3_C.fa	504	706	Y	9.8	3.575	0.1	0	7.48	20.55	3	10.5	1	Bottom	Prostrate	Beige	D5.5	57371	Bottom_D5.5
9.9_D6_1	CCTAGAGT		CGGAGCCT	9.9_D6_1.fa	516	720	Y	9.9	3.61	-0.3	0.27	7.49	20.9	3	13	1	Bulk	NA	NA	D6	238206092	Bulk_D6
9.9_D6_2_e1	CTATTAAG		CGGAGCCT	9.9_D6_2_e1.fa	518	720	Y	9.9	3.61	-0.3	0.27	7.49	20.9	3	13	1	Bulk	NA	NA	D6	247141178	Bulk_D6
9.9_D6_2_e2	GCGTAAGA		CGGAGCCT	9.9_D6_2_e2.fa	517	720	Y	9.9	3.61	-0.3	0.27	7.49	20.9	3	13	1	Bulk	NA	NA	D6	210860011	Bulk_D6
9.9_D6_3_e1	AAGGCTAT		CGGAGCCT	9.9_D6_3_e1.fa	520	720	Y	9.9	3.61	-0.3	0.27	7.49	20.9	3	13	1	Bulk	NA	NA	D6	383434944	Bulk_D6
9.9_D6_3_e2	GAGCCTTA		CGGAGCCT	9.9_D6_3_e2.fa	521	720	Y	9.9	3.61	-0.3	0.27	7.49	20.9	3	13	1	Bulk	NA	NA	D6	267696215	Bulk_D6
10.1_D7_1_e1	CTCTCTAT		TAAGGCGA	10.1_D7_1_e1.fa	502	701	Y	10.2	3.9	-0.4	0.22	7.47	21.6	39	100	1	Bulk	NA	NA	D7	401177041	Bulk_D7
10.1_D7_1_e2	TATCCTCT		TAAGGCGA	10.1_D7_1_e2.fa	503	701	Y	10.2	3.9	-0.4	0.22	7.47	21.6	39	100	1	Bulk	NA	NA	D7	307367950	Bulk_D7
10.1_D7_2_e1	AGAGTAGA		TAAGGCGA	10.1_D7_2_e1.fa	504	701	N	10.2	3.9	-0.4	0.22	7.47	21.6	39	100	1	Bulk	NA	NA	D7	420389040	Bulk_D7
10.1_D7_2_e2	CTCTCTAT		TCGACGTC	10.1_D7_2_e2.fa	502	729	N	10.2	3.9	-0.4	0.22	7.47	21.6	39	100	1	Bulk	NA	NA	D7	273819738	Bulk_D7
10.1_D7_3	GTAAGGAG		TAAGGCGA	10.1_D7_3.fa	505	701	Y	10.2	3.9	-0.4	0.22	7.47	21.6	39	100	1	Bulk	NA	NA	D7	162592	Bulk_D7
10.5_D8_1	ACTGCATA		TAGGCATG	10.5_D8_1.fa	506	706	N	10.6	4.25	-0.5	0.18	7.51	23.2	53	120	1	Bulk	NA	NA	D8	409149846	Bulk_D8
10.5_D8_2_e1	AAGGAGTA		TAGGCATG	10.5_D8_2_e1.fa	507	706	Y	10.6	4.25	-0.5	0.18	7.51	23.2	53	120	1	Bulk	NA	NA	D8	365131283	Bulk_D8
10.5_D8_2_e2	CTAAGCCT		TAGGCATG	10.5_D8_2_e2.fa	508	706	N	10.6	4.25	-0.5	0.18	7.51	23.2	53	120	1	Bulk	NA	NA	D8	669466694	Bulk_D8
10.5_D8_3	CTCTCTAT		CTCTCTAC	10.5_D8_3.fa	502	707	N	10.6	4.25	-0.5	0.18	7.51	23.2	53	120	1	Bulk	NA	NA	D8	437866173	Bulk_D8
D81	GCGTAAGA		CGATCAGT	D81.fa	517	727	N	10.6	4.25	-0.5	0.18	7.51	23.2	53	120	1	Bulk	NA	NA	D8	335157641	Bulk_D8
10.9_D9_1_e1	ACTGCATA		CTCTCTAC	10.9_D9_1_e1.fa	506	707	N	11	4.61	-0.7	0.12	7.52	26	70	280	2	Bulk	NA	NA	D9	195619206	Bulk_D9
10.9_D9_1_e2	AAGGAGTA		CTCTCTAC	10.9_D9_1_e2.fa	507	707	Y	11	4.61	-0.7	0.12	7.52	26	70	280	2	Bulk	NA	NA	D9	290640134	Bulk_D9
10.9_D9_2_e1	CTAAGCCT		CTCTCTAC	10.9_D9_2_e1.fa	508	707	N	11	4.61	-0.7	0.12	7.52	26	70	280	2	Bulk	NA	NA	D9	289448265	Bulk_D9
10.9_D9_2_e2	CTCTCTAT		CAGAGAGG	10.9_D9_2_e2.fa	502	708	Y	11	4.61	-0.7	0.12	7.52	26	70	280	2	Bulk	NA	NA	D9	210850150	Bulk_D9
10.9_D9_3	TATCCTCT		CAGAGAGG	10.9_D9_3.fa	503	708	Y	11	4.61	-0.7	0.12	7.52	26	70	280	2	Bulk	NA	NA	D9	408515054	Bulk_D9